{
  "prediction": "YES",
  "seizure_probability": 0.9224228858947754,
  "mean_window_probability": 0.017083941027522087,
  "threshold": 0.5,
  "num_windows": 720,
  "num_positive_windows": 2,
  "positive_windows": [
    {
      "window_index": 470,
      "start_sec": 2350.0,
      "end_sec": 2355.0,
      "probability": 0.8945862054824829
    },
    {
      "window_index": 484,
      "start_sec": 2420.0,
      "end_sec": 2425.0,
      "probability": 0.9224228858947754
    }
  ]
}